file,output_file,attribute,rows,missing_replaced,outliers_removed,nan_imputed,mean_imputations,median_imputations
Data\Bundesland_aggregation\wind_synop_by_bundesland\Baden-Wuerttemberg.csv,Preprocessed_Data\Bundesland_aggregation\wind_synop_by_bundesland\Baden-Wuerttemberg.csv,wind_synop,254729,0,9466,45354,0,45354
Data\Bundesland_aggregation\wind_synop_by_bundesland\Bayern.csv,Preprocessed_Data\Bundesland_aggregation\wind_synop_by_bundesland\Bayern.csv,wind_synop,409953,0,15022,51511,0,51511
Data\Bundesland_aggregation\wind_synop_by_bundesland\Berlin.csv,Preprocessed_Data\Bundesland_aggregation\wind_synop_by_bundesland\Berlin.csv,wind_synop,26352,0,420,9209,0,9209
Data\Bundesland_aggregation\wind_synop_by_bundesland\Brandenburg.csv,Preprocessed_Data\Bundesland_aggregation\wind_synop_by_bundesland\Brandenburg.csv,wind_synop,158099,0,3437,12997,0,12997
Data\Bundesland_aggregation\wind_synop_by_bundesland\Bremen.csv,Preprocessed_Data\Bundesland_aggregation\wind_synop_by_bundesland\Bremen.csv,wind_synop,17568,0,323,518,0,518
Data\Bundesland_aggregation\wind_synop_by_bundesland\Hamburg.csv,Preprocessed_Data\Bundesland_aggregation\wind_synop_by_bundesland\Hamburg.csv,wind_synop,24200,0,258,290,0,290
Data\Bundesland_aggregation\wind_synop_by_bundesland\Hessen.csv,Preprocessed_Data\Bundesland_aggregation\wind_synop_by_bundesland\Hessen.csv,wind_synop,158111,0,3653,48421,0,48421
Data\Bundesland_aggregation\wind_synop_by_bundesland\Mecklenburg-Vorpommern.csv,Preprocessed_Data\Bundesland_aggregation\wind_synop_by_bundesland\Mecklenburg-Vorpommern.csv,wind_synop,175514,0,4917,24289,0,24289
Data\Bundesland_aggregation\wind_synop_by_bundesland\Niedersachsen.csv,Preprocessed_Data\Bundesland_aggregation\wind_synop_by_bundesland\Niedersachsen.csv,wind_synop,242514,0,5561,34187,0,34187
Data\Bundesland_aggregation\wind_synop_by_bundesland\Nordrhein-Westfalen.csv,Preprocessed_Data\Bundesland_aggregation\wind_synop_by_bundesland\Nordrhein-Westfalen.csv,wind_synop,166774,0,3800,13641,0,13641
Data\Bundesland_aggregation\wind_synop_by_bundesland\Rheinland-Pfalz.csv,Preprocessed_Data\Bundesland_aggregation\wind_synop_by_bundesland\Rheinland-Pfalz.csv,wind_synop,92175,0,2255,15940,0,15940
Data\Bundesland_aggregation\wind_synop_by_bundesland\Saarland.csv,Preprocessed_Data\Bundesland_aggregation\wind_synop_by_bundesland\Saarland.csv,wind_synop,26352,0,506,690,0,690
Data\Bundesland_aggregation\wind_synop_by_bundesland\Sachsen-Anhalt.csv,Preprocessed_Data\Bundesland_aggregation\wind_synop_by_bundesland\Sachsen-Anhalt.csv,wind_synop,122976,0,6251,15769,0,15769
Data\Bundesland_aggregation\wind_synop_by_bundesland\Sachsen.csv,Preprocessed_Data\Bundesland_aggregation\wind_synop_by_bundesland\Sachsen.csv,wind_synop,158111,0,5417,23403,0,23403
Data\Bundesland_aggregation\wind_synop_by_bundesland\Schleswig-Holstein.csv,Preprocessed_Data\Bundesland_aggregation\wind_synop_by_bundesland\Schleswig-Holstein.csv,wind_synop,184185,0,4774,23691,0,23691
Data\Bundesland_aggregation\wind_synop_by_bundesland\Thueringen.csv,Preprocessed_Data\Bundesland_aggregation\wind_synop_by_bundesland\Thueringen.csv,wind_synop,105408,0,1934,19777,0,19777
Data\Germany_aggregation\wind_synop_germany\Germany_total.csv,Preprocessed_Data\Germany_aggregation\wind_synop_germany\Germany_total.csv,wind_synop,2323021,0,70282,341975,0,341975
Data\Bundesland_aggregation\precipitation_by_bundesland\Baden-Wuerttemberg.csv,Preprocessed_Data\Bundesland_aggregation\precipitation_by_bundesland\Baden-Wuerttemberg.csv,precipitation,533937,0,67822,68878,0,68878
Data\Bundesland_aggregation\precipitation_by_bundesland\Bayern.csv,Preprocessed_Data\Bundesland_aggregation\precipitation_by_bundesland\Bayern.csv,precipitation,866677,0,109150,112293,0,112293
Data\Bundesland_aggregation\precipitation_by_bundesland\Berlin.csv,Preprocessed_Data\Bundesland_aggregation\precipitation_by_bundesland\Berlin.csv,precipitation,26352,0,2238,2239,0,2239
Data\Bundesland_aggregation\precipitation_by_bundesland\Brandenburg.csv,Preprocessed_Data\Bundesland_aggregation\precipitation_by_bundesland\Brandenburg.csv,precipitation,210814,0,18523,18819,0,18819
Data\Bundesland_aggregation\precipitation_by_bundesland\Bremen.csv,Preprocessed_Data\Bundesland_aggregation\precipitation_by_bundesland\Bremen.csv,precipitation,17568,0,2188,2353,0,2353
Data\Bundesland_aggregation\precipitation_by_bundesland\Hamburg.csv,Preprocessed_Data\Bundesland_aggregation\precipitation_by_bundesland\Hamburg.csv,precipitation,17568,0,2388,2416,0,2416
Data\Bundesland_aggregation\precipitation_by_bundesland\Hessen.csv,Preprocessed_Data\Bundesland_aggregation\precipitation_by_bundesland\Hessen.csv,precipitation,297950,0,35191,35947,0,35947
Data\Bundesland_aggregation\precipitation_by_bundesland\Mecklenburg-Vorpommern.csv,Preprocessed_Data\Bundesland_aggregation\precipitation_by_bundesland\Mecklenburg-Vorpommern.csv,precipitation,219433,0,22412,22919,0,22919
Data\Bundesland_aggregation\precipitation_by_bundesland\Niedersachsen.csv,Preprocessed_Data\Bundesland_aggregation\precipitation_by_bundesland\Niedersachsen.csv,precipitation,359888,0,46183,46974,0,46974
Data\Bundesland_aggregation\precipitation_by_bundesland\Nordrhein-Westfalen.csv,Preprocessed_Data\Bundesland_aggregation\precipitation_by_bundesland\Nordrhein-Westfalen.csv,precipitation,373971,0,53447,54653,0,54653
Data\Bundesland_aggregation\precipitation_by_bundesland\Rheinland-Pfalz.csv,Preprocessed_Data\Bundesland_aggregation\precipitation_by_bundesland\Rheinland-Pfalz.csv,precipitation,212309,0,26301,28576,0,28576
Data\Bundesland_aggregation\precipitation_by_bundesland\Saarland.csv,Preprocessed_Data\Bundesland_aggregation\precipitation_by_bundesland\Saarland.csv,precipitation,60992,0,8875,9020,0,9020
Data\Bundesland_aggregation\precipitation_by_bundesland\Sachsen-Anhalt.csv,Preprocessed_Data\Bundesland_aggregation\precipitation_by_bundesland\Sachsen-Anhalt.csv,precipitation,202032,0,18382,19217,0,19217
Data\Bundesland_aggregation\precipitation_by_bundesland\Sachsen.csv,Preprocessed_Data\Bundesland_aggregation\precipitation_by_bundesland\Sachsen.csv,precipitation,249551,0,25815,26361,0,26361
Data\Bundesland_aggregation\precipitation_by_bundesland\Schleswig-Holstein.csv,Preprocessed_Data\Bundesland_aggregation\precipitation_by_bundesland\Schleswig-Holstein.csv,precipitation,219463,0,29905,30477,0,30477
Data\Bundesland_aggregation\precipitation_by_bundesland\Thueringen.csv,Preprocessed_Data\Bundesland_aggregation\precipitation_by_bundesland\Thueringen.csv,precipitation,245952,0,27075,28048,0,28048
Data\Bundesland_aggregation\Temp_Bundesland_Aggregated\Baden-Württemberg_aggregated.csv,Preprocessed_Data\Bundesland_aggregation\Temp_Bundesland_Aggregated\Baden-Württemberg_aggregated.csv,temperature,8784,0,198,198,0,198
Data\Bundesland_aggregation\Temp_Bundesland_Aggregated\Bayern_aggregated.csv,Preprocessed_Data\Bundesland_aggregation\Temp_Bundesland_Aggregated\Bayern_aggregated.csv,temperature,8784,0,58,58,0,58
Data\Bundesland_aggregation\Temp_Bundesland_Aggregated\Berlin_aggregated.csv,Preprocessed_Data\Bundesland_aggregation\Temp_Bundesland_Aggregated\Berlin_aggregated.csv,temperature,8784,0,6,6,0,6
Data\Bundesland_aggregation\Temp_Bundesland_Aggregated\Brandenburg_aggregated.csv,Preprocessed_Data\Bundesland_aggregation\Temp_Bundesland_Aggregated\Brandenburg_aggregated.csv,temperature,8784,0,178,178,0,178
Data\Bundesland_aggregation\Temp_Bundesland_Aggregated\Bremen_aggregated.csv,Preprocessed_Data\Bundesland_aggregation\Temp_Bundesland_Aggregated\Bremen_aggregated.csv,temperature,8784,0,198,198,0,198
Data\Bundesland_aggregation\Temp_Bundesland_Aggregated\Hamburg_aggregated.csv,Preprocessed_Data\Bundesland_aggregation\Temp_Bundesland_Aggregated\Hamburg_aggregated.csv,temperature,8784,0,52,52,0,52
Data\Bundesland_aggregation\Temp_Bundesland_Aggregated\Hessen_aggregated.csv,Preprocessed_Data\Bundesland_aggregation\Temp_Bundesland_Aggregated\Hessen_aggregated.csv,temperature,8784,0,379,379,0,379
Data\Bundesland_aggregation\Temp_Bundesland_Aggregated\Mecklenburg-Vorpommern_aggregated.csv,Preprocessed_Data\Bundesland_aggregation\Temp_Bundesland_Aggregated\Mecklenburg-Vorpommern_aggregated.csv,temperature,8784,0,728,728,0,728
Data\Bundesland_aggregation\Temp_Bundesland_Aggregated\Niedersachsen_aggregated.csv,Preprocessed_Data\Bundesland_aggregation\Temp_Bundesland_Aggregated\Niedersachsen_aggregated.csv,temperature,8784,0,386,386,0,386
Data\Bundesland_aggregation\Temp_Bundesland_Aggregated\Nordrhein-Westfalen_aggregated.csv,Preprocessed_Data\Bundesland_aggregation\Temp_Bundesland_Aggregated\Nordrhein-Westfalen_aggregated.csv,temperature,8784,0,596,596,0,596
Data\Bundesland_aggregation\Temp_Bundesland_Aggregated\Rheinland-Pfalz_aggregated.csv,Preprocessed_Data\Bundesland_aggregation\Temp_Bundesland_Aggregated\Rheinland-Pfalz_aggregated.csv,temperature,8784,0,376,376,0,376
Data\Bundesland_aggregation\Temp_Bundesland_Aggregated\Saarland_aggregated.csv,Preprocessed_Data\Bundesland_aggregation\Temp_Bundesland_Aggregated\Saarland_aggregated.csv,temperature,8784,0,201,201,0,201
Data\Bundesland_aggregation\Temp_Bundesland_Aggregated\Sachsen-Anhalt_aggregated.csv,Preprocessed_Data\Bundesland_aggregation\Temp_Bundesland_Aggregated\Sachsen-Anhalt_aggregated.csv,temperature,8784,0,831,831,0,831
Data\Bundesland_aggregation\Temp_Bundesland_Aggregated\Sachsen_aggregated.csv,Preprocessed_Data\Bundesland_aggregation\Temp_Bundesland_Aggregated\Sachsen_aggregated.csv,temperature,8784,0,355,355,0,355
Data\Bundesland_aggregation\Temp_Bundesland_Aggregated\Schleswig-Holstein_aggregated.csv,Preprocessed_Data\Bundesland_aggregation\Temp_Bundesland_Aggregated\Schleswig-Holstein_aggregated.csv,temperature,8784,0,503,503,0,503
Data\Bundesland_aggregation\Temp_Bundesland_Aggregated\Thüringen_aggregated.csv,Preprocessed_Data\Bundesland_aggregation\Temp_Bundesland_Aggregated\Thüringen_aggregated.csv,temperature,8784,0,307,307,0,307
Data\Germany_aggregation\Temp_Germany_Aggregated\Temp_Germany_aggregated.csv,Preprocessed_Data\Germany_aggregation\Temp_Germany_Aggregated\Temp_Germany_aggregated.csv,temperature,8784,0,34,34,0,34
Data\Bundesland_aggregation\Cloudness_Bundesland_Aggregated\Baden-Württemberg_aggregated.csv,Preprocessed_Data\Bundesland_aggregation\Cloudness_Bundesland_Aggregated\Baden-Württemberg_aggregated.csv,cloudiness,8784,0,476,476,0,476
Data\Bundesland_aggregation\Cloudness_Bundesland_Aggregated\Bayern_aggregated.csv,Preprocessed_Data\Bundesland_aggregation\Cloudness_Bundesland_Aggregated\Bayern_aggregated.csv,cloudiness,8784,0,592,592,0,592
Data\Bundesland_aggregation\Cloudness_Bundesland_Aggregated\Berlin_aggregated.csv,Preprocessed_Data\Bundesland_aggregation\Cloudness_Bundesland_Aggregated\Berlin_aggregated.csv,cloudiness,8784,0,0,0,0,0
Data\Bundesland_aggregation\Cloudness_Bundesland_Aggregated\Brandenburg_aggregated.csv,Preprocessed_Data\Bundesland_aggregation\Cloudness_Bundesland_Aggregated\Brandenburg_aggregated.csv,cloudiness,8784,0,0,0,0,0
Data\Bundesland_aggregation\Cloudness_Bundesland_Aggregated\Bremen_aggregated.csv,Preprocessed_Data\Bundesland_aggregation\Cloudness_Bundesland_Aggregated\Bremen_aggregated.csv,cloudiness,8784,0,801,801,0,801
Data\Bundesland_aggregation\Cloudness_Bundesland_Aggregated\Hamburg_aggregated.csv,Preprocessed_Data\Bundesland_aggregation\Cloudness_Bundesland_Aggregated\Hamburg_aggregated.csv,cloudiness,8777,51,1168,1168,0,1168
Data\Bundesland_aggregation\Cloudness_Bundesland_Aggregated\Hessen_aggregated.csv,Preprocessed_Data\Bundesland_aggregation\Cloudness_Bundesland_Aggregated\Hessen_aggregated.csv,cloudiness,8784,0,593,593,0,593
Data\Bundesland_aggregation\Cloudness_Bundesland_Aggregated\Mecklenburg-Vorpommern_aggregated.csv,Preprocessed_Data\Bundesland_aggregation\Cloudness_Bundesland_Aggregated\Mecklenburg-Vorpommern_aggregated.csv,cloudiness,8784,0,0,0,0,0
Data\Bundesland_aggregation\Cloudness_Bundesland_Aggregated\Niedersachsen_aggregated.csv,Preprocessed_Data\Bundesland_aggregation\Cloudness_Bundesland_Aggregated\Niedersachsen_aggregated.csv,cloudiness,8784,0,383,383,0,383
Data\Bundesland_aggregation\Cloudness_Bundesland_Aggregated\Nordrhein-Westfalen_aggregated.csv,Preprocessed_Data\Bundesland_aggregation\Cloudness_Bundesland_Aggregated\Nordrhein-Westfalen_aggregated.csv,cloudiness,8784,0,615,615,0,615
Data\Bundesland_aggregation\Cloudness_Bundesland_Aggregated\Rheinland-Pfalz_aggregated.csv,Preprocessed_Data\Bundesland_aggregation\Cloudness_Bundesland_Aggregated\Rheinland-Pfalz_aggregated.csv,cloudiness,8784,0,472,472,0,472
Data\Bundesland_aggregation\Cloudness_Bundesland_Aggregated\Saarland_aggregated.csv,Preprocessed_Data\Bundesland_aggregation\Cloudness_Bundesland_Aggregated\Saarland_aggregated.csv,cloudiness,8784,3,891,891,0,891
Data\Bundesland_aggregation\Cloudness_Bundesland_Aggregated\Sachsen-Anhalt_aggregated.csv,Preprocessed_Data\Bundesland_aggregation\Cloudness_Bundesland_Aggregated\Sachsen-Anhalt_aggregated.csv,cloudiness,8784,0,0,0,0,0
Data\Bundesland_aggregation\Cloudness_Bundesland_Aggregated\Sachsen_aggregated.csv,Preprocessed_Data\Bundesland_aggregation\Cloudness_Bundesland_Aggregated\Sachsen_aggregated.csv,cloudiness,8784,0,0,0,0,0
Data\Bundesland_aggregation\Cloudness_Bundesland_Aggregated\Schleswig-Holstein_aggregated.csv,Preprocessed_Data\Bundesland_aggregation\Cloudness_Bundesland_Aggregated\Schleswig-Holstein_aggregated.csv,cloudiness,8784,0,303,303,0,303
Data\Bundesland_aggregation\Cloudness_Bundesland_Aggregated\Thüringen_aggregated.csv,Preprocessed_Data\Bundesland_aggregation\Cloudness_Bundesland_Aggregated\Thüringen_aggregated.csv,cloudiness,8784,0,490,490,0,490
Data\Germany_aggregation\Cloudness_Germany_Aggregated\Germany_cloudiness_aggregated.csv,Preprocessed_Data\Germany_aggregation\Cloudness_Germany_Aggregated\Germany_cloudiness_aggregated.csv,cloudiness,8784,0,327,327,0,327
Data\Bundesland_aggregation\dew_point_by_bundesland\Baden-Wuerttemberg.csv,Preprocessed_Data\Bundesland_aggregation\dew_point_by_bundesland\Baden-Wuerttemberg.csv,dew_point,542716,0,1039,2351,0,2351
Data\Bundesland_aggregation\dew_point_by_bundesland\Bayern.csv,Preprocessed_Data\Bundesland_aggregation\dew_point_by_bundesland\Bayern.csv,dew_point,919297,0,3149,6945,0,6945
Data\Bundesland_aggregation\dew_point_by_bundesland\Berlin.csv,Preprocessed_Data\Bundesland_aggregation\dew_point_by_bundesland\Berlin.csv,dew_point,26352,0,169,246,0,246
Data\Bundesland_aggregation\dew_point_by_bundesland\Brandenburg.csv,Preprocessed_Data\Bundesland_aggregation\dew_point_by_bundesland\Brandenburg.csv,dew_point,219587,0,1408,1790,0,1790
Data\Bundesland_aggregation\dew_point_by_bundesland\Bremen.csv,Preprocessed_Data\Bundesland_aggregation\dew_point_by_bundesland\Bremen.csv,dew_point,17568,0,36,228,0,228
Data\Bundesland_aggregation\dew_point_by_bundesland\Hamburg.csv,Preprocessed_Data\Bundesland_aggregation\dew_point_by_bundesland\Hamburg.csv,dew_point,32984,0,64,305,0,305
Data\Bundesland_aggregation\dew_point_by_bundesland\Hessen.csv,Preprocessed_Data\Bundesland_aggregation\dew_point_by_bundesland\Hessen.csv,dew_point,306737,0,2213,3228,0,3228
Data\Bundesland_aggregation\dew_point_by_bundesland\Mecklenburg-Vorpommern.csv,Preprocessed_Data\Bundesland_aggregation\dew_point_by_bundesland\Mecklenburg-Vorpommern.csv,dew_point,228218,0,275,1069,0,1069
Data\Bundesland_aggregation\dew_point_by_bundesland\Niedersachsen.csv,Preprocessed_Data\Bundesland_aggregation\dew_point_by_bundesland\Niedersachsen.csv,dew_point,435636,0,2218,4062,0,4062
Data\Bundesland_aggregation\dew_point_by_bundesland\Nordrhein-Westfalen.csv,Preprocessed_Data\Bundesland_aggregation\dew_point_by_bundesland\Nordrhein-Westfalen.csv,dew_point,382726,0,3095,4826,0,4826
Data\Bundesland_aggregation\dew_point_by_bundesland\Rheinland-Pfalz.csv,Preprocessed_Data\Bundesland_aggregation\dew_point_by_bundesland\Rheinland-Pfalz.csv,dew_point,229806,0,1655,3535,0,3535
Data\Bundesland_aggregation\dew_point_by_bundesland\Saarland.csv,Preprocessed_Data\Bundesland_aggregation\dew_point_by_bundesland\Saarland.csv,dew_point,60994,0,422,1039,0,1039
Data\Bundesland_aggregation\dew_point_by_bundesland\Sachsen-Anhalt.csv,Preprocessed_Data\Bundesland_aggregation\dew_point_by_bundesland\Sachsen-Anhalt.csv,dew_point,210816,0,1553,2457,0,2457
Data\Bundesland_aggregation\dew_point_by_bundesland\Sachsen.csv,Preprocessed_Data\Bundesland_aggregation\dew_point_by_bundesland\Sachsen.csv,dew_point,245951,0,1264,2029,0,2029
Data\Bundesland_aggregation\dew_point_by_bundesland\Schleswig-Holstein.csv,Preprocessed_Data\Bundesland_aggregation\dew_point_by_bundesland\Schleswig-Holstein.csv,dew_point,236889,0,224,1136,0,1136
Data\Bundesland_aggregation\dew_point_by_bundesland\Thueringen.csv,Preprocessed_Data\Bundesland_aggregation\dew_point_by_bundesland\Thueringen.csv,dew_point,245952,0,1710,2105,0,2105
Data\Bundesland_aggregation\extreme_wind_by_bundesland\Baden-Wuerttemberg.csv,Preprocessed_Data\Bundesland_aggregation\extreme_wind_by_bundesland\Baden-Wuerttemberg.csv,extreme_wind,201223,0,6778,6778,0,6778
Data\Bundesland_aggregation\extreme_wind_by_bundesland\Bayern.csv,Preprocessed_Data\Bundesland_aggregation\extreme_wind_by_bundesland\Bayern.csv,extreme_wind,314328,0,11004,11004,0,11004
Data\Bundesland_aggregation\extreme_wind_by_bundesland\Berlin.csv,Preprocessed_Data\Bundesland_aggregation\extreme_wind_by_bundesland\Berlin.csv,extreme_wind,17562,0,245,245,0,245
Data\Bundesland_aggregation\extreme_wind_by_bundesland\Brandenburg.csv,Preprocessed_Data\Bundesland_aggregation\extreme_wind_by_bundesland\Brandenburg.csv,extreme_wind,139762,0,2681,2681,0,2681
Data\Bundesland_aggregation\extreme_wind_by_bundesland\Bremen.csv,Preprocessed_Data\Bundesland_aggregation\extreme_wind_by_bundesland\Bremen.csv,extreme_wind,17374,0,266,266,0,266
Data\Bundesland_aggregation\extreme_wind_by_bundesland\Hamburg.csv,Preprocessed_Data\Bundesland_aggregation\extreme_wind_by_bundesland\Hamburg.csv,extreme_wind,23972,0,370,372,0,372
Data\Bundesland_aggregation\extreme_wind_by_bundesland\Hessen.csv,Preprocessed_Data\Bundesland_aggregation\extreme_wind_by_bundesland\Hessen.csv,extreme_wind,104554,0,1806,1806,0,1806
Data\Bundesland_aggregation\extreme_wind_by_bundesland\Mecklenburg-Vorpommern.csv,Preprocessed_Data\Bundesland_aggregation\extreme_wind_by_bundesland\Mecklenburg-Vorpommern.csv,extreme_wind,147352,0,2748,2748,0,2748
Data\Bundesland_aggregation\extreme_wind_by_bundesland\Niedersachsen.csv,Preprocessed_Data\Bundesland_aggregation\extreme_wind_by_bundesland\Niedersachsen.csv,extreme_wind,144269,0,2664,2664,0,2664
Data\Bundesland_aggregation\extreme_wind_by_bundesland\Nordrhein-Westfalen.csv,Preprocessed_Data\Bundesland_aggregation\extreme_wind_by_bundesland\Nordrhein-Westfalen.csv,extreme_wind,139365,0,2522,2522,0,2522
Data\Bundesland_aggregation\extreme_wind_by_bundesland\Rheinland-Pfalz.csv,Preprocessed_Data\Bundesland_aggregation\extreme_wind_by_bundesland\Rheinland-Pfalz.csv,extreme_wind,61069,0,1711,1711,0,1711
Data\Bundesland_aggregation\extreme_wind_by_bundesland\Saarland.csv,Preprocessed_Data\Bundesland_aggregation\extreme_wind_by_bundesland\Saarland.csv,extreme_wind,26171,0,610,610,0,610
Data\Bundesland_aggregation\extreme_wind_by_bundesland\Sachsen-Anhalt.csv,Preprocessed_Data\Bundesland_aggregation\extreme_wind_by_bundesland\Sachsen-Anhalt.csv,extreme_wind,113454,0,3880,3880,0,3880
Data\Bundesland_aggregation\extreme_wind_by_bundesland\Sachsen.csv,Preprocessed_Data\Bundesland_aggregation\extreme_wind_by_bundesland\Sachsen.csv,extreme_wind,140125,0,3382,3382,0,3382
Data\Bundesland_aggregation\extreme_wind_by_bundesland\Schleswig-Holstein.csv,Preprocessed_Data\Bundesland_aggregation\extreme_wind_by_bundesland\Schleswig-Holstein.csv,extreme_wind,139856,0,2366,2366,0,2366
Data\Bundesland_aggregation\extreme_wind_by_bundesland\Thueringen.csv,Preprocessed_Data\Bundesland_aggregation\extreme_wind_by_bundesland\Thueringen.csv,extreme_wind,87563,0,1466,1466,0,1466
Data\Germany_aggregation\extreme_wind_germany_aggregated\Germany_total.csv,Preprocessed_Data\Germany_aggregation\extreme_wind_germany_aggregated\Germany_total.csv,extreme_wind,1817999,0,41417,41419,0,41419
Data\Bundesland_aggregation\moisture_by_bundesland\Baden-Wuerttemberg.csv,Preprocessed_Data\Bundesland_aggregation\moisture_by_bundesland\Baden-Wuerttemberg.csv,moisture,527758,0,5373,5373,0,5373
Data\Bundesland_aggregation\moisture_by_bundesland\Bayern.csv,Preprocessed_Data\Bundesland_aggregation\moisture_by_bundesland\Bayern.csv,moisture,889460,0,8731,8731,0,8731
Data\Bundesland_aggregation\moisture_by_bundesland\Berlin.csv,Preprocessed_Data\Bundesland_aggregation\moisture_by_bundesland\Berlin.csv,moisture,25582,0,46,46,0,46
Data\Bundesland_aggregation\moisture_by_bundesland\Brandenburg.csv,Preprocessed_Data\Bundesland_aggregation\moisture_by_bundesland\Brandenburg.csv,moisture,213306,0,659,659,0,659
Data\Bundesland_aggregation\moisture_by_bundesland\Bremen.csv,Preprocessed_Data\Bundesland_aggregation\moisture_by_bundesland\Bremen.csv,moisture,16924,0,275,275,0,275
Data\Bundesland_aggregation\moisture_by_bundesland\Hamburg.csv,Preprocessed_Data\Bundesland_aggregation\moisture_by_bundesland\Hamburg.csv,moisture,31312,0,699,699,0,699
Data\Bundesland_aggregation\moisture_by_bundesland\Hessen.csv,Preprocessed_Data\Bundesland_aggregation\moisture_by_bundesland\Hessen.csv,moisture,297070,0,1739,1739,0,1739
Data\Bundesland_aggregation\moisture_by_bundesland\Mecklenburg-Vorpommern.csv,Preprocessed_Data\Bundesland_aggregation\moisture_by_bundesland\Mecklenburg-Vorpommern.csv,moisture,220895,0,3899,3899,0,3899
Data\Bundesland_aggregation\moisture_by_bundesland\Niedersachsen.csv,Preprocessed_Data\Bundesland_aggregation\moisture_by_bundesland\Niedersachsen.csv,moisture,422398,0,4441,4441,0,4441
Data\Bundesland_aggregation\moisture_by_bundesland\Nordrhein-Westfalen.csv,Preprocessed_Data\Bundesland_aggregation\moisture_by_bundesland\Nordrhein-Westfalen.csv,moisture,370675,0,1519,1519,0,1519
Data\Bundesland_aggregation\moisture_by_bundesland\Rheinland-Pfalz.csv,Preprocessed_Data\Bundesland_aggregation\moisture_by_bundesland\Rheinland-Pfalz.csv,moisture,221794,0,1385,1385,0,1385
Data\Bundesland_aggregation\moisture_by_bundesland\Saarland.csv,Preprocessed_Data\Bundesland_aggregation\moisture_by_bundesland\Saarland.csv,moisture,58666,0,255,255,0,255
Data\Bundesland_aggregation\moisture_by_bundesland\Sachsen-Anhalt.csv,Preprocessed_Data\Bundesland_aggregation\moisture_by_bundesland\Sachsen-Anhalt.csv,moisture,204311,0,1373,1373,0,1373
Data\Bundesland_aggregation\moisture_by_bundesland\Sachsen.csv,Preprocessed_Data\Bundesland_aggregation\moisture_by_bundesland\Sachsen.csv,moisture,234054,0,495,495,0,495
Data\Bundesland_aggregation\moisture_by_bundesland\Schleswig-Holstein.csv,Preprocessed_Data\Bundesland_aggregation\moisture_by_bundesland\Schleswig-Holstein.csv,moisture,229663,0,3271,3271,0,3271
Data\Bundesland_aggregation\moisture_by_bundesland\Thueringen.csv,Preprocessed_Data\Bundesland_aggregation\moisture_by_bundesland\Thueringen.csv,moisture,239152,0,1674,1674,0,1674
Data\Bundesland_aggregation\pressure_by_bundesland\Baden-Wuerttemberg.csv,Preprocessed_Data\Bundesland_aggregation\pressure_by_bundesland\Baden-Wuerttemberg.csv,pressure,175673,0,2183,37691,0,37691
Data\Bundesland_aggregation\pressure_by_bundesland\Bayern.csv,Preprocessed_Data\Bundesland_aggregation\pressure_by_bundesland\Bayern.csv,pressure,333551,0,3820,58148,0,58148
Data\Bundesland_aggregation\pressure_by_bundesland\Berlin.csv,Preprocessed_Data\Bundesland_aggregation\pressure_by_bundesland\Berlin.csv,pressure,17568,0,185,189,0,189
Data\Bundesland_aggregation\pressure_by_bundesland\Brandenburg.csv,Preprocessed_Data\Bundesland_aggregation\pressure_by_bundesland\Brandenburg.csv,pressure,114179,0,1250,1591,0,1591
Data\Bundesland_aggregation\pressure_by_bundesland\Bremen.csv,Preprocessed_Data\Bundesland_aggregation\pressure_by_bundesland\Bremen.csv,pressure,17568,0,128,320,0,320
Data\Bundesland_aggregation\pressure_by_bundesland\Hamburg.csv,Preprocessed_Data\Bundesland_aggregation\pressure_by_bundesland\Hamburg.csv,pressure,24200,0,229,251,0,251
Data\Bundesland_aggregation\pressure_by_bundesland\Hessen.csv,Preprocessed_Data\Bundesland_aggregation\pressure_by_bundesland\Hessen.csv,pressure,105407,0,1275,19278,0,19278
Data\Bundesland_aggregation\pressure_by_bundesland\Mecklenburg-Vorpommern.csv,Preprocessed_Data\Bundesland_aggregation\pressure_by_bundesland\Mecklenburg-Vorpommern.csv,pressure,140378,0,1436,2121,0,2121
Data\Bundesland_aggregation\pressure_by_bundesland\Niedersachsen.csv,Preprocessed_Data\Bundesland_aggregation\pressure_by_bundesland\Niedersachsen.csv,pressure,207345,0,1927,2882,0,2882
Data\Bundesland_aggregation\pressure_by_bundesland\Nordrhein-Westfalen.csv,Preprocessed_Data\Bundesland_aggregation\pressure_by_bundesland\Nordrhein-Westfalen.csv,pressure,140422,0,1870,11801,0,11801
Data\Bundesland_aggregation\pressure_by_bundesland\Rheinland-Pfalz.csv,Preprocessed_Data\Bundesland_aggregation\pressure_by_bundesland\Rheinland-Pfalz.csv,pressure,78975,0,1289,3380,0,3380
Data\Bundesland_aggregation\pressure_by_bundesland\Saarland.csv,Preprocessed_Data\Bundesland_aggregation\pressure_by_bundesland\Saarland.csv,pressure,26352,0,433,593,0,593
Data\Bundesland_aggregation\pressure_by_bundesland\Sachsen-Anhalt.csv,Preprocessed_Data\Bundesland_aggregation\pressure_by_bundesland\Sachsen-Anhalt.csv,pressure,87840,0,775,10336,0,10336
Data\Bundesland_aggregation\pressure_by_bundesland\Sachsen.csv,Preprocessed_Data\Bundesland_aggregation\pressure_by_bundesland\Sachsen.csv,pressure,109007,0,795,27456,0,27456
Data\Bundesland_aggregation\pressure_by_bundesland\Schleswig-Holstein.csv,Preprocessed_Data\Bundesland_aggregation\pressure_by_bundesland\Schleswig-Holstein.csv,pressure,157833,0,1271,1815,0,1815
Data\Bundesland_aggregation\pressure_by_bundesland\Thueringen.csv,Preprocessed_Data\Bundesland_aggregation\pressure_by_bundesland\Thueringen.csv,pressure,79056,0,686,18287,0,18287
Data\Germany_aggregation\pressure_germany\Germany_total.csv,Preprocessed_Data\Germany_aggregation\pressure_germany\Germany_total.csv,pressure,1815354,0,21822,198409,0,198409
Data\Bundesland_aggregation\soil_temperature_by_bundesland\Baden-Wuerttemberg.csv,Preprocessed_Data\Bundesland_aggregation\soil_temperature_by_bundesland\Baden-Wuerttemberg.csv,soil_temperature,272695,0,0,0,0,272695
Data\Bundesland_aggregation\soil_temperature_by_bundesland\Bayern.csv,Preprocessed_Data\Bundesland_aggregation\soil_temperature_by_bundesland\Bayern.csv,soil_temperature,478415,0,0,0,0,478415
Data\Bundesland_aggregation\soil_temperature_by_bundesland\Berlin.csv,Preprocessed_Data\Bundesland_aggregation\soil_temperature_by_bundesland\Berlin.csv,soil_temperature,17566,0,0,0,0,17566
Data\Bundesland_aggregation\soil_temperature_by_bundesland\Brandenburg.csv,Preprocessed_Data\Bundesland_aggregation\soil_temperature_by_bundesland\Brandenburg.csv,soil_temperature,193508,0,0,0,0,193508
Data\Bundesland_aggregation\soil_temperature_by_bundesland\Bremen.csv,Preprocessed_Data\Bundesland_aggregation\soil_temperature_by_bundesland\Bremen.csv,soil_temperature,17400,0,0,0,0,17400
Data\Bundesland_aggregation\soil_temperature_by_bundesland\Hamburg.csv,Preprocessed_Data\Bundesland_aggregation\soil_temperature_by_bundesland\Hamburg.csv,soil_temperature,17542,0,0,0,0,17542
Data\Bundesland_aggregation\soil_temperature_by_bundesland\Hessen.csv,Preprocessed_Data\Bundesland_aggregation\soil_temperature_by_bundesland\Hessen.csv,soil_temperature,149204,0,0,0,0,149204
Data\Bundesland_aggregation\soil_temperature_by_bundesland\Mecklenburg-Vorpommern.csv,Preprocessed_Data\Bundesland_aggregation\soil_temperature_by_bundesland\Mecklenburg-Vorpommern.csv,soil_temperature,175218,0,0,0,0,175218
Data\Bundesland_aggregation\soil_temperature_by_bundesland\Niedersachsen.csv,Preprocessed_Data\Bundesland_aggregation\soil_temperature_by_bundesland\Niedersachsen.csv,soil_temperature,250934,0,0,0,0,250934
Data\Bundesland_aggregation\soil_temperature_by_bundesland\Nordrhein-Westfalen.csv,Preprocessed_Data\Bundesland_aggregation\soil_temperature_by_bundesland\Nordrhein-Westfalen.csv,soil_temperature,228188,0,0,0,0,228188
Data\Bundesland_aggregation\soil_temperature_by_bundesland\Rheinland-Pfalz.csv,Preprocessed_Data\Bundesland_aggregation\soil_temperature_by_bundesland\Rheinland-Pfalz.csv,soil_temperature,122507,0,0,0,0,122507
Data\Bundesland_aggregation\soil_temperature_by_bundesland\Saarland.csv,Preprocessed_Data\Bundesland_aggregation\soil_temperature_by_bundesland\Saarland.csv,soil_temperature,35004,0,0,0,0,35004
Data\Bundesland_aggregation\soil_temperature_by_bundesland\Sachsen-Anhalt.csv,Preprocessed_Data\Bundesland_aggregation\soil_temperature_by_bundesland\Sachsen-Anhalt.csv,soil_temperature,148781,0,0,0,0,148781
Data\Bundesland_aggregation\soil_temperature_by_bundesland\Sachsen.csv,Preprocessed_Data\Bundesland_aggregation\soil_temperature_by_bundesland\Sachsen.csv,soil_temperature,187647,0,0,0,0,187647
Data\Bundesland_aggregation\soil_temperature_by_bundesland\Schleswig-Holstein.csv,Preprocessed_Data\Bundesland_aggregation\soil_temperature_by_bundesland\Schleswig-Holstein.csv,soil_temperature,158969,0,0,0,0,158969
Data\Bundesland_aggregation\soil_temperature_by_bundesland\Thueringen.csv,Preprocessed_Data\Bundesland_aggregation\soil_temperature_by_bundesland\Thueringen.csv,soil_temperature,96560,0,0,0,0,96560
Data\Germany_aggregation\soil_temperature_germany\Germany_total.csv,Preprocessed_Data\Germany_aggregation\soil_temperature_germany\Germany_total.csv,soil_temperature,2550138,0,0,0,0,2550138
Data\Bundesland_aggregation\sun_by_bundesland\Baden-Wuerttemberg.csv,Preprocessed_Data\Bundesland_aggregation\sun_by_bundesland\Baden-Wuerttemberg.csv,sun,53794,0,13892,13892,0,13892
Data\Bundesland_aggregation\sun_by_bundesland\Bayern.csv,Preprocessed_Data\Bundesland_aggregation\sun_by_bundesland\Bayern.csv,sun,99147,0,28247,28247,0,28247
Data\Bundesland_aggregation\sun_by_bundesland\Berlin.csv,Preprocessed_Data\Bundesland_aggregation\sun_by_bundesland\Berlin.csv,sun,6588,0,2163,2163,0,2163
Data\Bundesland_aggregation\sun_by_bundesland\Brandenburg.csv,Preprocessed_Data\Bundesland_aggregation\sun_by_bundesland\Brandenburg.csv,sun,48585,0,15464,15464,0,15464
Data\Bundesland_aggregation\sun_by_bundesland\Bremen.csv,Preprocessed_Data\Bundesland_aggregation\sun_by_bundesland\Bremen.csv,sun,13036,0,3480,3480,0,3480
Data\Bundesland_aggregation\sun_by_bundesland\Hamburg.csv,Preprocessed_Data\Bundesland_aggregation\sun_by_bundesland\Hamburg.csv,sun,18186,0,5491,5491,0,5491
Data\Bundesland_aggregation\sun_by_bundesland\Hessen.csv,Preprocessed_Data\Bundesland_aggregation\sun_by_bundesland\Hessen.csv,sun,32382,0,8251,8251,0,8251
Data\Bundesland_aggregation\sun_by_bundesland\Mecklenburg-Vorpommern.csv,Preprocessed_Data\Bundesland_aggregation\sun_by_bundesland\Mecklenburg-Vorpommern.csv,sun,25568,0,7551,7551,0,7551
Data\Bundesland_aggregation\sun_by_bundesland\Niedersachsen.csv,Preprocessed_Data\Bundesland_aggregation\sun_by_bundesland\Niedersachsen.csv,sun,63627,0,17128,17128,0,17128
Data\Bundesland_aggregation\sun_by_bundesland\Nordrhein-Westfalen.csv,Preprocessed_Data\Bundesland_aggregation\sun_by_bundesland\Nordrhein-Westfalen.csv,sun,66905,0,16459,16459,0,16459
Data\Bundesland_aggregation\sun_by_bundesland\Rheinland-Pfalz.csv,Preprocessed_Data\Bundesland_aggregation\sun_by_bundesland\Rheinland-Pfalz.csv,sun,29997,0,7881,7881,0,7881
Data\Bundesland_aggregation\sun_by_bundesland\Saarland.csv,Preprocessed_Data\Bundesland_aggregation\sun_by_bundesland\Saarland.csv,sun,6507,0,1649,1649,0,1649
Data\Bundesland_aggregation\sun_by_bundesland\Sachsen-Anhalt.csv,Preprocessed_Data\Bundesland_aggregation\sun_by_bundesland\Sachsen-Anhalt.csv,sun,28652,0,8518,8518,0,8518
Data\Bundesland_aggregation\sun_by_bundesland\Sachsen.csv,Preprocessed_Data\Bundesland_aggregation\sun_by_bundesland\Sachsen.csv,sun,49199,0,14573,14573,0,14573
Data\Bundesland_aggregation\sun_by_bundesland\Schleswig-Holstein.csv,Preprocessed_Data\Bundesland_aggregation\sun_by_bundesland\Schleswig-Holstein.csv,sun,37131,0,10420,10420,0,10420
Data\Bundesland_aggregation\sun_by_bundesland\Thueringen.csv,Preprocessed_Data\Bundesland_aggregation\sun_by_bundesland\Thueringen.csv,sun,13168,0,3753,3753,0,3753
Data\Germany_aggregation\sun_germany\Germany_total.csv,Preprocessed_Data\Germany_aggregation\sun_germany\Germany_total.csv,sun,592472,0,164920,164920,0,164920
Data\Bundesland_aggregation\visibility_by_bundesland\Baden-Wuerttemberg.csv,Preprocessed_Data\Bundesland_aggregation\visibility_by_bundesland\Baden-Wuerttemberg.csv,visibility,175229,0,172085,172085,0,172085
Data\Bundesland_aggregation\visibility_by_bundesland\Bayern.csv,Preprocessed_Data\Bundesland_aggregation\visibility_by_bundesland\Bayern.csv,visibility,316922,0,311079,311079,0,311079
Data\Bundesland_aggregation\visibility_by_bundesland\Berlin.csv,Preprocessed_Data\Bundesland_aggregation\visibility_by_bundesland\Berlin.csv,visibility,17456,0,17433,17433,0,17433
Data\Bundesland_aggregation\visibility_by_bundesland\Brandenburg.csv,Preprocessed_Data\Bundesland_aggregation\visibility_by_bundesland\Brandenburg.csv,visibility,105019,0,104940,104940,0,104940
Data\Bundesland_aggregation\visibility_by_bundesland\Bremen.csv,Preprocessed_Data\Bundesland_aggregation\visibility_by_bundesland\Bremen.csv,visibility,17375,0,17364,17364,17364,0
Data\Bundesland_aggregation\visibility_by_bundesland\Hamburg.csv,Preprocessed_Data\Bundesland_aggregation\visibility_by_bundesland\Hamburg.csv,visibility,24067,0,24034,24034,0,24034
Data\Bundesland_aggregation\visibility_by_bundesland\Hessen.csv,Preprocessed_Data\Bundesland_aggregation\visibility_by_bundesland\Hessen.csv,visibility,104817,0,101343,101343,0,101343
Data\Bundesland_aggregation\visibility_by_bundesland\Mecklenburg-Vorpommern.csv,Preprocessed_Data\Bundesland_aggregation\visibility_by_bundesland\Mecklenburg-Vorpommern.csv,visibility,130135,0,129992,129992,0,129992
Data\Bundesland_aggregation\visibility_by_bundesland\Niedersachsen.csv,Preprocessed_Data\Bundesland_aggregation\visibility_by_bundesland\Niedersachsen.csv,visibility,188531,0,188131,188131,0,188131
Data\Bundesland_aggregation\visibility_by_bundesland\Nordrhein-Westfalen.csv,Preprocessed_Data\Bundesland_aggregation\visibility_by_bundesland\Nordrhein-Westfalen.csv,visibility,138640,0,137850,137850,0,137850
Data\Bundesland_aggregation\visibility_by_bundesland\Rheinland-Pfalz.csv,Preprocessed_Data\Bundesland_aggregation\visibility_by_bundesland\Rheinland-Pfalz.csv,visibility,64210,0,63407,63407,0,63407
Data\Bundesland_aggregation\visibility_by_bundesland\Saarland.csv,Preprocessed_Data\Bundesland_aggregation\visibility_by_bundesland\Saarland.csv,visibility,26147,0,25936,25936,0,25936
Data\Bundesland_aggregation\visibility_by_bundesland\Sachsen-Anhalt.csv,Preprocessed_Data\Bundesland_aggregation\visibility_by_bundesland\Sachsen-Anhalt.csv,visibility,83066,0,79639,79639,0,79639
Data\Bundesland_aggregation\visibility_by_bundesland\Sachsen.csv,Preprocessed_Data\Bundesland_aggregation\visibility_by_bundesland\Sachsen.csv,visibility,108383,0,106789,106789,0,106789
Data\Bundesland_aggregation\visibility_by_bundesland\Schleswig-Holstein.csv,Preprocessed_Data\Bundesland_aggregation\visibility_by_bundesland\Schleswig-Holstein.csv,visibility,138606,0,138510,138510,0,138510
Data\Bundesland_aggregation\visibility_by_bundesland\Thueringen.csv,Preprocessed_Data\Bundesland_aggregation\visibility_by_bundesland\Thueringen.csv,visibility,78925,0,77740,77740,0,77740
Data\Germany_aggregation\visibility_germany\Germany_total.csv,Preprocessed_Data\Germany_aggregation\visibility_germany\Germany_total.csv,visibility,1717528,0,1696272,1696272,0,1696272
Data\Bundesland_aggregation\wind_by_bundesland\Baden-Wuerttemberg.csv,Preprocessed_Data\Bundesland_aggregation\wind_by_bundesland\Baden-Wuerttemberg.csv,wind,210073,0,9448,9468,0,9468
Data\Bundesland_aggregation\wind_by_bundesland\Bayern.csv,Preprocessed_Data\Bundesland_aggregation\wind_by_bundesland\Bayern.csv,wind,364566,0,14250,14309,0,14309
Data\Bundesland_aggregation\wind_by_bundesland\Berlin.csv,Preprocessed_Data\Bundesland_aggregation\wind_by_bundesland\Berlin.csv,wind,8780,0,142,143,0,143
Data\Bundesland_aggregation\wind_by_bundesland\Brandenburg.csv,Preprocessed_Data\Bundesland_aggregation\wind_by_bundesland\Brandenburg.csv,wind,148556,0,3207,3236,0,3236
Data\Bundesland_aggregation\wind_by_bundesland\Bremen.csv,Preprocessed_Data\Bundesland_aggregation\wind_by_bundesland\Bremen.csv,wind,17378,0,334,337,0,337
Data\Bundesland_aggregation\wind_by_bundesland\Hamburg.csv,Preprocessed_Data\Bundesland_aggregation\wind_by_bundesland\Hamburg.csv,wind,24142,0,278,295,0,295
Data\Bundesland_aggregation\wind_by_bundesland\Hessen.csv,Preprocessed_Data\Bundesland_aggregation\wind_by_bundesland\Hessen.csv,wind,104604,0,3416,3449,0,3449
Data\Bundesland_aggregation\wind_by_bundesland\Mecklenburg-Vorpommern.csv,Preprocessed_Data\Bundesland_aggregation\wind_by_bundesland\Mecklenburg-Vorpommern.csv,wind,147402,0,5140,5176,0,5176
Data\Bundesland_aggregation\wind_by_bundesland\Niedersachsen.csv,Preprocessed_Data\Bundesland_aggregation\wind_by_bundesland\Niedersachsen.csv,wind,196176,0,5765,5802,0,5802
Data\Bundesland_aggregation\wind_by_bundesland\Nordrhein-Westfalen.csv,Preprocessed_Data\Bundesland_aggregation\wind_by_bundesland\Nordrhein-Westfalen.csv,wind,148219,0,3360,3406,0,3406
Data\Bundesland_aggregation\wind_by_bundesland\Rheinland-Pfalz.csv,Preprocessed_Data\Bundesland_aggregation\wind_by_bundesland\Rheinland-Pfalz.csv,wind,78434,0,2456,2459,0,2459
Data\Bundesland_aggregation\wind_by_bundesland\Saarland.csv,Preprocessed_Data\Bundesland_aggregation\wind_by_bundesland\Saarland.csv,wind,26182,0,579,587,0,587
Data\Bundesland_aggregation\wind_by_bundesland\Sachsen-Anhalt.csv,Preprocessed_Data\Bundesland_aggregation\wind_by_bundesland\Sachsen-Anhalt.csv,wind,113472,0,6442,6451,0,6451
Data\Bundesland_aggregation\wind_by_bundesland\Sachsen.csv,Preprocessed_Data\Bundesland_aggregation\wind_by_bundesland\Sachsen.csv,wind,140141,0,5649,5658,0,5658
Data\Bundesland_aggregation\wind_by_bundesland\Schleswig-Holstein.csv,Preprocessed_Data\Bundesland_aggregation\wind_by_bundesland\Schleswig-Holstein.csv,wind,148714,0,4518,4580,0,4580
Data\Bundesland_aggregation\wind_by_bundesland\Thueringen.csv,Preprocessed_Data\Bundesland_aggregation\wind_by_bundesland\Thueringen.csv,wind,87575,0,1918,1925,0,1925
Data\Germany_aggregation\wind_germany\Germany_total.csv,Preprocessed_Data\Germany_aggregation\wind_germany\Germany_total.csv,wind,1964414,0,74444,74823,0,74823
